0.000000000000000000e+00,0.000000000000000000e+00,0.000000000000000000e+00,0.000000000000000000e+00,0.000000000000000000e+00,0.000000000000000000e+00
-3.988477112805000502e+00,-3.890332488699000280e+00,-4.048565950387800427e+00,-3.896061753978000475e+00,1.622614666244250659e+00,-8.543808704488453643e+00
-3.782189250828000393e+00,5.020543197590813911e+00,-3.385063197000000024e+00,5.015757929212249167e+00,7.714699999999998781e+00,-6.668508929125805729e+00
-2.755257754068582976e+00,1.013931046267044778e+00,-2.189611657290968516e-01,1.005827214868044273e+00,2.914016299628828577e+00,-7.808924232867438420e+00
-6.404165773020940478e+00,-6.644757980110058249e+00,-6.368392988895569928e+00,-6.356143968129061683e+00,-1.514527023325068811e+01,-1.355332388655849130e+01
0.000000000000000000e+00,0.000000000000000000e+00,0.000000000000000000e+00,0.000000000000000000e+00,0.000000000000000000e+00,0.000000000000000000e+00
-6.914960389252962969e+00,-6.877743415277551620e+00,-6.896703061313205652e+00,-6.829433719347380638e+00,-1.424182872652521858e+01,-1.488301314122770158e+01
-3.778096312818000069e+00,-3.941543125449000318e+00,-4.068298195985726728e+00,-4.354872804875088654e+00,-1.294615141671780023e+01,-1.227340972800000074e+01
-3.899433418766999893e+00,-3.325446729990000350e+00,-3.895664374619999482e+00,-3.149956800000000001e+00,-1.283431595446799989e+01,-1.278152900910899881e+01
-5.818921340024374445e+00,-5.441374307272334399e+00,-5.881720707523075298e+00,-5.447214910479885042e+00,-1.447896590164458708e+01,-1.295585321471244100e+01
0.000000000000000000e+00,0.000000000000000000e+00,0.000000000000000000e+00,0.000000000000000000e+00,0.000000000000000000e+00,0.000000000000000000e+00
-5.745882791334958384e+00,-5.791853609934804581e+00,-5.559288489372869790e+00,-5.829428405282675030e+00,-1.292109843575160077e+01,-1.278167633236260059e+01
-5.941944062559785245e+00,-6.152687424617015566e+00,-5.916310050006640786e+00,-6.148924285568861059e+00,-1.239683374350000022e+01,-9.000000000000000000e+00
-5.832879139811603331e+00,-5.813341233777453709e+00,-5.846187441274018681e+00,-6.148203869031775959e+00,-1.439873606565796216e+01,-1.497495493545481438e+01
-7.185643664138704700e+00,-7.398069791939395401e+00,-7.187208715419101779e+00,-7.320138506596980399e+00,-1.575223204867598703e+01,-1.637571832709850739e+01
0.000000000000000000e+00,0.000000000000000000e+00,0.000000000000000000e+00,0.000000000000000000e+00,0.000000000000000000e+00,0.000000000000000000e+00
1.429999636426770593e+01,1.699999819937837842e+01,1.429999976385328431e+01,1.699998006437983733e+01,7.948079999999999146e+00,2.000000000000000000e+01
2.353710271262487996e+00,1.574881494617937916e+00,2.914016299903806839e+00,-3.142503900000000350e+00,-7.843357383082945944e+00,-3.797148216060000525e+00
9.683000000000001606e+00,-3.164617719000000218e+00,-3.792900155939999962e+00,6.628979609999759326e+00,-2.605953046056450617e+00,-3.724274804148000051e+00
3.889812235933030493e+00,-3.339001981808999986e+00,4.348906999987255162e+00,2.519652225759946074e+00,-6.496352069246814409e+00,-2.138511657485235862e+00
0.000000000000000000e+00,0.000000000000000000e+00,0.000000000000000000e+00,0.000000000000000000e+00,0.000000000000000000e+00,0.000000000000000000e+00
-4.286704080348001433e+00,-3.822059403899999985e+00,-9.095979649107515108e-01,4.603531349351854818e-01,-1.287679853007000119e+01,-9.698917666027501383e+00
-4.587512344606226478e+00,-3.336583967999999789e+00,-3.342942390798000485e+00,5.015332232690812297e+00,-1.238829572699999915e+01,-1.167584579999999939e+01
-2.294183646293280088e+00,2.569581479152450165e-01,7.326804090814720283e-02,1.622614619916525003e+00,-1.240070487588000070e+01,-8.575794248118096874e+00
-6.330866701406749897e+00,-6.345601349465061602e+00,-6.397507233236223279e+00,-6.317333483595656496e+00,-1.458997486175741720e+01,-1.360775375851959978e+01
0.000000000000000000e+00,0.000000000000000000e+00,0.000000000000000000e+00,0.000000000000000000e+00,0.000000000000000000e+00,0.000000000000000000e+00
-6.721644800704367206e+00,-6.856142978975961810e+00,-6.802379496071875309e+00,-6.881165574163775389e+00,-1.509725394227774231e+01,-1.513818076785021205e+01
-4.426701588317983216e+00,-4.044260645336700932e+00,-3.893490151470000438e+00,-3.838671523889999992e+00,-1.169097840000000055e+01,-1.281929917976999889e+01
-3.980039983593767872e+00,-3.948526890044999682e+00,-3.277550447999999506e+00,-3.766524588000000229e+00,-1.273400586288000014e+01,-1.287805610277000135e+01
-5.927535159310966861e+00,-5.885482793427403436e+00,-5.851678395042070768e+00,-5.633213740004078929e+00,-1.404410815749097097e+01,-1.481110456397223629e+01
0.000000000000000000e+00,0.000000000000000000e+00,0.000000000000000000e+00,0.000000000000000000e+00,0.000000000000000000e+00,0.000000000000000000e+00
-3.006309528221100535e+00,-5.805388391367221956e+00,-5.582415130923979341e+00,-5.767896220998191659e+00,-1.145862900000000018e+01,-1.355271757275304978e+01
-5.899226317686679266e+00,-5.877298171047532271e+00,-6.197574722792958291e+00,-6.257164641936374672e+00,-1.462780777438615232e+01,-1.296211766280426048e+01
-3.123720527925833323e+00,-5.784639419806185678e+00,-5.975459278571480404e+00,-5.817847467204525280e+00,-1.397852813466007227e+01,-1.474111184112030593e+01
-7.407067583370708697e+00,-7.520887818720328966e+00,-7.490115198528018325e+00,-7.396506988946045524e+00,-1.629632516647860285e+01,-1.584831894346667447e+01
0.000000000000000000e+00,0.000000000000000000e+00,0.000000000000000000e+00,0.000000000000000000e+00,0.000000000000000000e+00,0.000000000000000000e+00
1.186994486348212874e+01,1.429497471188366120e+01,1.429998309427508119e+01,1.700000000000000000e+01,5.299823793001998240e+00,5.249838788099999931e+00
4.348906999999608836e+00,2.367799395347357283e+00,2.577467647003360174e+00,1.012745126917054428e+00,-6.420813352996639800e+00,-1.139238000000000106e+01
6.522563262846509780e+00,-3.767138901900000558e+00,-3.759678549000000647e+00,-3.298030626600000126e+00,-1.147320900000000066e+01,-1.222717751280000087e+01
5.943229999999734225e+00,-3.292382471303178626e+00,3.556399028822301300e+00,2.297372598574650482e+00,-5.427446761953961918e+00,-4.838204440612851265e+00
0.000000000000000000e+00,0.000000000000000000e+00,0.000000000000000000e+00,0.000000000000000000e+00,0.000000000000000000e+00,0.000000000000000000e+00
-5.807386442920804193e+00,-5.883760640555022015e+00,-5.941215449164638507e+00,-5.846034601099154848e+00,-1.478542152953128053e+01,-1.454786379165362042e+01
-5.627130921198876479e+00,-5.729997575295203482e+00,-5.837594589737910233e+00,-5.729492614723711519e+00,-1.277803543509000050e+01,-1.264484936700000084e+01
-3.146260949749582370e+00,-5.349037320508763571e+00,-5.446359181236787528e+00,-5.441899271118581183e+00,-1.239693884649899935e+01,-1.413475288311944666e+01
-5.831942026128792200e+00,-5.885627636956322739e+00,-1.182667587741584647e+00,-5.814900609390347697e+00,-1.484742432572967985e+01,-1.462609426679085622e+01
0.000000000000000000e+00,0.000000000000000000e+00,0.000000000000000000e+00,0.000000000000000000e+00,0.000000000000000000e+00,0.000000000000000000e+00
-6.473845917968747088e+00,-6.417995558002250078e+00,-6.438073099369013619e+00,-6.504497828483448707e+00,-1.543354178170322122e+01,-1.482055859955183408e+01
-3.898682512470090344e+00,-3.424983051518999844e+00,2.745243817879353898e+00,8.624074892950512883e-01,-1.299286949654970158e+01,-1.242017559621089973e+01
-5.129105002317415618e+00,-5.084171875732858226e+00,-5.073275663231560095e+00,-5.008097118252514690e+00,-1.302342009696346814e+01,-1.401678477560564851e+01
-5.995727076609675521e+00,-6.319996314571524998e+00,-6.148134411191520599e+00,-6.117381002068390750e+00,-1.387402543999157167e+01,-1.387291490902417834e+01
0.000000000000000000e+00,0.000000000000000000e+00,0.000000000000000000e+00,0.000000000000000000e+00,0.000000000000000000e+00,0.000000000000000000e+00
-6.125511029979161748e+00,-5.972437202906612619e+00,-5.911039766790383787e+00,-5.935907989600977430e+00,-1.302013759037068930e+01,-1.517322986628193426e+01
-4.939405446927444210e+00,-4.961506248907510574e+00,-5.482500451541036490e+00,-4.961937170336351066e+00,-1.396133456182867860e+01,-1.385387621721342200e+01
-5.034160870149428924e+00,-5.422578546445445014e+00,-4.921068128055799740e+00,-5.377345839804122285e+00,-1.409272069620650925e+01,-1.413085520688781571e+01
-7.045581021544845335e+00,-6.618541771809714369e+00,-6.894345162196371390e+00,-6.850438071845425192e+00,-1.347387587414564969e+01,-1.556137542870117940e+01
0.000000000000000000e+00,0.000000000000000000e+00,0.000000000000000000e+00,0.000000000000000000e+00,0.000000000000000000e+00,0.000000000000000000e+00
4.920446972490872817e+00,-4.055015609339302607e+00,-4.007217802614150948e+00,-3.994146823212900266e+00,-1.218568238999999842e+01,-1.305826136437527119e+01
8.611040063052000093e+00,9.200586600000001170e+00,1.429936630628399996e+01,1.064457472136400185e+01,2.332715652000000972e+00,2.654633381364001288e+00
-4.602593719694604069e+00,-4.844420021561070655e+00,-5.261505772540535197e+00,-4.839587955509907502e+00,-1.207689389999999996e+01,-1.337334853563380754e+01
3.187939643973000337e+00,-2.538819000000000159e+00,-3.231711486000000466e+00,-1.719000000000000083e+00,-1.146429000000000009e+01,-1.147330890000000103e+01
0.000000000000000000e+00,0.000000000000000000e+00,0.000000000000000000e+00,0.000000000000000000e+00,0.000000000000000000e+00,0.000000000000000000e+00
-5.919195361166923242e+00,-5.943551531479692507e+00,-6.214822582787269845e+00,-5.841449624129561258e+00,-1.475697261495223955e+01,-1.452451670171037179e+01
-6.065938293048898977e+00,-5.837995903793512298e+00,-5.763251828295428147e+00,-5.896571404818945261e+00,-1.397763704711982058e+01,-1.489290291392933696e+01
-5.594283875284270735e+00,-5.486225055211199297e+00,-5.792509692487623596e+00,-3.890613578073384815e+00,-1.425330026436303754e+01,-1.398470762578158144e+01
-5.500485693414068677e+00,-5.491626881056094867e+00,4.590841227054815454e-01,-5.559084875346763432e+00,-1.416726618347246003e+01,-1.011786168832303190e+01
0.000000000000000000e+00,0.000000000000000000e+00,0.000000000000000000e+00,0.000000000000000000e+00,0.000000000000000000e+00,0.000000000000000000e+00
-6.168371502471269530e+00,-6.144334902530660614e+00,4.363469915030608881e-01,-6.675104688804688990e+00,-1.536509715269671972e+01,-1.494658694013739719e+01
1.071304190328956629e+00,2.241370509260022903e+00,4.348906312268613128e+00,1.423930477438360542e+00,-6.557656355984068597e+00,-1.089891009000000111e+01
-4.976678337355965986e+00,-4.585560901773914289e+00,-5.186155614492455435e+00,-5.007478347997609269e+00,-1.289398115952899992e+01,-1.259036348489999924e+01
-5.808040877994664619e+00,-5.917777150275600917e+00,-5.881179053180980887e+00,-6.283573195626544816e+00,-1.417945237346805953e+01,-1.354579115968306446e+01
0.000000000000000000e+00,0.000000000000000000e+00,0.000000000000000000e+00,0.000000000000000000e+00,0.000000000000000000e+00,0.000000000000000000e+00
-6.076715911729620778e+00,-5.915467979096137086e+00,-5.921276610634354398e+00,-5.937539039333717739e+00,-1.449216502470046564e+01,-1.487544865895476676e+01
-5.430944799522103850e+00,-5.525360100056779800e+00,-5.613085550108357857e+00,-5.172606438042280708e+00,-1.301887351287455274e+01,-1.344036469971160663e+01
-4.507444122913081053e+00,-4.545503336581951714e+00,-4.504875804257347127e+00,-5.391090876968242185e+00,-1.242407757964770099e+01,-1.359479047925064954e+01
-2.367111198199138400e+00,-6.894309712268748669e+00,-6.801523945398855631e+00,-6.850820981780233687e+00,-1.515491173289501070e+01,-1.553650856584214957e+01
0.000000000000000000e+00,0.000000000000000000e+00,0.000000000000000000e+00,0.000000000000000000e+00,0.000000000000000000e+00,0.000000000000000000e+00
4.348906995704932221e+00,-4.350627948291614366e+00,-1.798927090987132438e+00,-4.054333564768356268e+00,-1.167473503799999968e+01,-1.348470519627011832e+01
1.186999995416520903e+01,1.429999982748172371e+01,1.700000000000000000e+01,1.186352425772208186e+01,5.299999945156231185e+00,5.299985168622145082e+00
-5.015771686733526913e+00,-4.906986160772053296e+00,9.745273410917230095e-01,-4.962675510584240612e+00,-1.284122837860119049e+01,-1.388144514671357221e+01
9.681620532393841572e+00,-2.619990089999999938e+00,5.789789195482383022e+00,-2.546354700000000193e+00,-7.261601386281206771e+00,-1.146987000000000023e+01
0.000000000000000000e+00,0.000000000000000000e+00,0.000000000000000000e+00,0.000000000000000000e+00,0.000000000000000000e+00,0.000000000000000000e+00
-6.220866615333022764e+00,-6.252378232978719197e+00,-6.249440729350631329e+00,-5.983104205773048356e+00,-1.394512733398376092e+01,-1.521353808030346499e+01
-6.137876914784472504e+00,-6.220675952187382229e+00,-6.223987485605006142e+00,-6.137825896602395304e+00,-1.399001652921498007e+01,-1.294926256838699885e+01
-5.532845154601569782e+00,-5.890492177785985994e+00,-5.524014842908794520e+00,-5.604102630130509688e+00,-1.425046592642840615e+01,-1.241554093127999892e+01
-5.583649628544732124e+00,-5.114535638814190932e+00,-7.562971284793089666e-01,-5.058308290918118288e+00,1.622613636219543576e+00,-1.379467114797967575e+01
0.000000000000000000e+00,0.000000000000000000e+00,0.000000000000000000e+00,0.000000000000000000e+00,0.000000000000000000e+00,0.000000000000000000e+00
-6.427346815274548320e+00,-5.630770906562927003e+00,-5.806956062804413676e+00,-6.054730194552950806e+00,1.622593409830394240e+00,-1.460408547381597266e+01
1.205495085591136828e+00,4.150020693294857566e+00,4.338239239305987205e+00,2.713776577224944475e+00,5.943229979452304690e+00,-4.910848452567490696e+00
-4.672466325375209450e+00,-5.096048029932700452e+00,-5.118032913235831316e+00,-5.074559588994892678e+00,-1.409344575708632874e+01,-1.409282245036190062e+01
-6.210578130576403844e+00,-6.190527113951199034e+00,-6.228570733494259493e+00,-5.908301092823990075e+00,-1.338974930366928007e+01,-1.350524040581196950e+01
0.000000000000000000e+00,0.000000000000000000e+00,0.000000000000000000e+00,0.000000000000000000e+00,0.000000000000000000e+00,0.000000000000000000e+00
-6.091961740763305322e+00,-5.556184960778110415e+00,-5.772321360221134512e+00,-5.889351124600237242e+00,-1.468981363672317997e+01,-1.395265979520890731e+01
-5.608008324969868674e+00,-5.576528121493439016e+00,-5.571751483353169832e+00,-5.504730093123500367e+00,-1.365899235060967243e+01,-1.349543697062413550e+01
-4.546043988773395661e+00,-4.666547395635816997e+00,-4.552590752867971879e+00,-4.601089089682314004e+00,-1.402890825046021739e+01,-1.364918865230616696e+01
-6.883323522123141025e+00,-6.779477771972308275e+00,-6.797477252930107738e+00,-6.843118574053953296e+00,-1.576037504239734233e+01,-1.455989924826640269e+01
0.000000000000000000e+00,0.000000000000000000e+00,0.000000000000000000e+00,0.000000000000000000e+00,0.000000000000000000e+00,0.000000000000000000e+00
2.577470236988192998e+00,-1.772091399665670863e+00,-4.863084580357015518e+00,2.914016194462475617e+00,-1.301348561695134265e+01,-4.838907103101619533e+00
1.429827453415997951e+01,1.367999999999999972e+01,1.699999999804636275e+01,1.429999972673010156e+01,7.999982659767599813e+00,2.000000000000000000e+01
2.914015878908550405e+00,-5.141104397055920927e+00,-5.266204403858526284e+00,-5.316591275730577770e+00,-1.079190000000000005e+01,-5.921965730153750052e+00
7.714699999266482422e+00,5.932791455055492769e+00,5.887491777697984041e+00,7.578165715426895765e+00,-3.083362623135714742e+00,4.286770479135806333e+00
0.000000000000000000e+00,0.000000000000000000e+00,0.000000000000000000e+00,0.000000000000000000e+00,0.000000000000000000e+00,0.000000000000000000e+00
-4.446899033452749173e+00,-4.036720165402591043e+00,-1.560453690689165951e+00,-4.409752494458789585e+00,-1.328374489432598970e+01,-1.349307438031188155e+01
-4.056148276716248446e+00,5.943229999994988688e+00,-4.390371034693733243e+00,3.575065646793122554e+00,-5.251632336915754706e+00,-8.451722607902780737e+00
-3.198002124339000218e+00,1.261043729700333627e+00,-1.303165275109132715e+00,-3.696727524849899638e+00,-1.140758109000000076e+01,-1.272230494486290020e+01
-6.033107710118784439e+00,-6.015129264721844393e+00,-6.397894023540045438e+00,-6.323815814981717409e+00,-1.413386553769509746e+01,-1.449206329606373167e+01
0.000000000000000000e+00,0.000000000000000000e+00,0.000000000000000000e+00,0.000000000000000000e+00,0.000000000000000000e+00,0.000000000000000000e+00
-7.140312631141800814e+00,-7.028217558073238003e+00,-6.992049481678940026e+00,-7.176908128237950990e+00,-1.602732717382859207e+01,-1.491335338075026939e+01
-4.535696454076595607e+00,-4.347432433589580647e+00,-4.331893974878160414e+00,-4.625389884599318435e+00,-1.338092353604879925e+01,-1.303064562256740189e+01
-3.356521720379999962e+00,-3.834919022851368986e+00,-3.998168693677278007e+00,-3.883128818670000371e+00,-1.234988892368999913e+01,-1.162035288000000044e+01
-3.466488115493886024e+00,-5.850582513513605143e+00,-5.479727698232506938e+00,-5.536701251319499306e+00,-1.452632916931286644e+01,-1.398505508665019192e+01
0.000000000000000000e+00,0.000000000000000000e+00,0.000000000000000000e+00,0.000000000000000000e+00,0.000000000000000000e+00,0.000000000000000000e+00
-5.467333514897740443e+00,-5.677983862859607989e+00,-5.547649957663037590e+00,-5.727795545155615287e+00,-1.361183149179101193e+01,-1.215883026090000030e+01
-5.833967529437871669e+00,-5.908902828907217852e+00,-4.954915411769656330e+00,-6.202190004734804418e+00,-1.307849539479234302e+01,-1.307871798062081936e+01
-3.102585429285341423e+00,-6.107342383392881047e+00,-5.514604479890826916e+00,-5.590729952149703585e+00,-1.474526086999438590e+01,-1.395580637103242161e+01
-7.317948682199866717e+00,-7.418644326831571156e+00,-7.287487753329161322e+00,-7.438831033693050543e+00,-1.552865337924536071e+01,-1.616072819776879399e+01
0.000000000000000000e+00,0.000000000000000000e+00,0.000000000000000000e+00,0.000000000000000000e+00,0.000000000000000000e+00,0.000000000000000000e+00
1.186996021035190196e+01,1.700000000000000000e+01,1.166944564851030108e+01,1.429641932668199367e+01,5.299097783306948806e+00,4.861881629999288634e+00
-2.464290000000000092e+00,-3.076993800000000334e+00,4.348895126339632711e+00,-2.606058900000000289e+00,-6.566357992737512639e+00,-1.070190000000000019e+01
1.187000000000000099e+01,6.753488733004923361e+00,7.610083505068931053e+00,9.568151099982220131e+00,-1.088199000000000005e+01,-4.483777871689866856e-01
4.423937541847635657e+00,2.029900340571351158e+00,5.933442784719517249e+00,4.221523203603691599e+00,-5.946998991683337010e+00,-6.204836441197496555e+00
0.000000000000000000e+00,0.000000000000000000e+00,0.000000000000000000e+00,0.000000000000000000e+00,0.000000000000000000e+00,0.000000000000000000e+00
-5.321913565936969626e+00,-5.856828829073145171e-01,-4.832389806426902190e+00,-4.434435877962789263e+00,-1.232934601679999886e+01,-1.240580590757999957e+01
-4.307302786357349866e+00,-3.999872686584080128e+00,2.218328257596129838e+00,4.348906999486091607e+00,-6.642192185520730874e+00,-1.337840001330894957e+01
-4.203935831772157350e+00,4.603515134054618207e-01,-9.328369812862002952e-01,-3.724761305944800149e+00,-1.306371937069516775e+01,-1.234603558315629002e+01
-6.496169461789388144e+00,-6.582445407069661414e+00,-6.361739683419876279e+00,-6.276954867938223437e+00,-1.309020854407838641e+01,-1.529257628226831400e+01
0.000000000000000000e+00,0.000000000000000000e+00,0.000000000000000000e+00,0.000000000000000000e+00,0.000000000000000000e+00,0.000000000000000000e+00
-6.947113724401884127e+00,-6.811182638516362076e+00,-6.776663360461987473e+00,-6.836409813474813468e+00,-1.577552805258224744e+01,-1.579906485794345627e+01
-2.481968332393162946e+00,-4.051247642789400416e+00,-4.346892549008166462e+00,-4.411411813485720756e+00,-1.328811820106932196e+01,-1.335627560887713017e+01
1.114327886488938102e+00,-3.885329802348000960e+00,-3.798920564650800635e+00,-3.890965547118780066e+00,-1.202873274460800168e+01,-1.229623786360800075e+01
-5.773958004795639809e+00,-5.855339507926681009e+00,-5.928491933133377856e+00,-5.883922076490944342e+00,-1.349652766400778781e+01,-1.294612026889500100e+01
0.000000000000000000e+00,0.000000000000000000e+00,0.000000000000000000e+00,0.000000000000000000e+00,0.000000000000000000e+00,0.000000000000000000e+00
-1.570719489807083757e+00,-5.177062897772724881e+00,-5.515886446551132138e+00,-5.520943970882656870e+00,-1.342984280489100080e+01,-1.353578346549490163e+01
-3.926639607758272810e+00,-6.157038831596844730e+00,-5.860675524001999648e+00,-5.554672118532429259e+00,-1.447268182536770809e+01,-1.307999485896147362e+01
-7.355423693208256175e-01,-5.758241311711828736e+00,-5.555230390387592365e+00,-5.352326739252927013e+00,-1.403187377801410030e+01,-1.396386419590801964e+01
-7.220687882781604117e+00,-7.422775575474096499e+00,-7.385486266436814162e+00,-7.435850782154513006e+00,-1.484210135743592041e+01,-1.478859350030995756e+01
0.000000000000000000e+00,0.000000000000000000e+00,0.000000000000000000e+00,0.000000000000000000e+00,0.000000000000000000e+00,0.000000000000000000e+00
9.664560576372016598e+00,1.430000000000000071e+01,1.186978985357821159e+01,1.427917492791000065e+01,2.869992884666181521e+00,2.869776634254360914e+00
5.943230000000002455e+00,2.522712391576980462e+00,4.287399884090419278e+00,2.760346766107883987e+00,-4.712501070000006287e+00,-4.999071428824382934e+00
9.681715243869710719e+00,-3.706689249000000519e+00,-3.142503900000000350e+00,8.459788500000001932e+00,-1.129239000000000104e+01,-2.379505257465533319e+00
7.714699999999999669e+00,-1.890180900000000053e+00,4.333873523886540013e+00,4.217869213017148233e+00,-3.201491624470115482e+00,-7.246452706491870011e+00
0.000000000000000000e+00,0.000000000000000000e+00,0.000000000000000000e+00,0.000000000000000000e+00,0.000000000000000000e+00,0.000000000000000000e+00
-3.714400194572271552e+00,-5.879754370290388721e+00,-5.843368681475427096e+00,-5.509345715126702459e+00,-1.342872962452377905e+01,-1.450286886961372446e+01
9.514442487055063680e-02,-5.697412560463839704e+00,-5.752623960141283632e+00,-5.720701998702117486e+00,-1.463264614612872272e+01,-1.381875648346383301e+01
-2.375727909475406463e+00,-5.437037786768922132e+00,-5.079725664461572698e+00,-4.065608071653235456e+00,-1.380861329871848753e+01,-1.340062934478076784e+01
-5.745510623435260200e+00,-5.919980095931337338e+00,-5.658491265680961391e+00,-5.906663453199318958e+00,-1.402733750375912081e+01,-1.439966393956693480e+01
0.000000000000000000e+00,0.000000000000000000e+00,0.000000000000000000e+00,0.000000000000000000e+00,0.000000000000000000e+00,0.000000000000000000e+00
-6.898734944832765059e+00,-6.529450336199649207e+00,-3.411195332618282450e+00,-6.565665585484679490e+00,-1.568053640198530019e+01,-1.519875756330980110e+01
-3.989633140521334997e+00,-4.044799106209890027e+00,1.619648480048774042e+00,-3.898426948371090717e+00,-1.265515265438109083e+01,-1.025964501190122036e+01
-5.041627207867893645e-02,-5.132181727639068214e+00,-4.961411182002768427e+00,-5.016601446039873125e+00,-1.365594953822519386e+01,-1.403447209998380885e+01
-6.233201463413865717e+00,-5.972667358208196831e+00,-6.185642965018709027e+00,-5.933479014166690213e+00,-1.386291747740848734e+01,-1.463500487132034422e+01
0.000000000000000000e+00,0.000000000000000000e+00,0.000000000000000000e+00,0.000000000000000000e+00,0.000000000000000000e+00,0.000000000000000000e+00
-5.846103577999761214e+00,-5.818721035228396232e+00,-6.215089912779493631e+00,-5.867293920973635224e+00,-1.489230224807315572e+01,-1.487856989015728360e+01
-5.394611720040489722e+00,-5.113778152317668635e+00,-5.738335092122387238e+00,-5.470224720001795049e+00,-1.298439597576845195e+01,-1.403320013280351297e+01
-4.656726793518577878e+00,-5.333344020159947796e+00,-4.516101679538735425e+00,-4.984698517742533141e+00,-1.299368674885680086e+01,-1.352009416251860863e+01
-6.828067766951958717e+00,-6.863209768570838420e+00,-4.661386621657496399e+00,-6.851031828130421886e+00,-1.592365681459945570e+01,-1.555971430527345234e+01
0.000000000000000000e+00,0.000000000000000000e+00,0.000000000000000000e+00,0.000000000000000000e+00,0.000000000000000000e+00,0.000000000000000000e+00
7.709049133009735932e+00,-3.895246521442800258e+00,-4.061867916627702968e+00,-3.821162321700000142e+00,-1.281570774210000074e+01,-1.274130511020000078e+01
7.577434642864016467e+00,-9.000000000000000222e-01,1.186998687921148488e+01,0.000000000000000000e+00,0.000000000000000000e+00,-9.900000000000000355e+00
7.702713682566478148e+00,-4.372116739866000579e+00,-4.745367471529855052e+00,-4.476198872618190272e+00,-5.858247459191081141e+00,-1.353037060840456718e+01
8.873826747891300215e+00,1.434974111618130266e+00,6.887059586583373694e+00,6.041370665791953698e+00,-1.167093090000000011e+01,-1.169151318000000117e+01
0.000000000000000000e+00,0.000000000000000000e+00,0.000000000000000000e+00,0.000000000000000000e+00,0.000000000000000000e+00,0.000000000000000000e+00
-4.999762110034797757e+00,-5.584691887220974316e+00,-5.976490704980201407e+00,-5.585698881783379477e+00,-1.070919000000000132e+01,-1.423348494091198546e+01
-5.789467381988996131e+00,-5.732443154055857804e+00,-6.208714431804267520e+00,-5.737818568901811744e+00,-1.417450826165886824e+01,-1.336450240387693711e+01
-5.343655110524126783e+00,-5.368023211764717750e+00,-5.394100444672150552e+00,-3.399171582870745834e+00,-1.378070103172568395e+01,-1.343948538362131373e+01
-5.562812693804982445e+00,-2.068825326313694646e+00,-5.428174627886896531e+00,-5.810433660539774614e+00,-1.403931388261761803e+01,-1.464368300080854013e+01
0.000000000000000000e+00,0.000000000000000000e+00,0.000000000000000000e+00,0.000000000000000000e+00,0.000000000000000000e+00,0.000000000000000000e+00
-6.560023476966470923e+00,-9.497737376936621345e-01,-6.405007134386758061e+00,-6.707213262372731855e+00,-1.523651395678701448e+01,-1.517350481899921988e+01
-3.335728234680000348e+00,2.913992352716250789e+00,-3.346478176428000051e+00,-1.417036929636944276e+00,-1.169297002800000129e+01,-7.696844090825051055e+00
-8.546505348842341476e-01,-4.960601082959543717e+00,-4.658794302331931370e+00,-4.646346985393887685e+00,-1.360789099288227888e+01,-1.398594754998844358e+01
-6.484015637521172160e+00,-6.069461010850422333e+00,-6.178237191944715434e+00,-6.179975978551846438e+00,-1.419511152243881114e+01,-1.429649126371223922e+01
0.000000000000000000e+00,0.000000000000000000e+00,0.000000000000000000e+00,0.000000000000000000e+00,0.000000000000000000e+00,0.000000000000000000e+00
-5.000445499550534301e+00,-5.919806884504601463e+00,-6.221629741935168489e+00,-6.035684461144008139e+00,-1.482306214970978075e+01,-1.485003830762308397e+01
-5.400746082584227281e+00,-5.617228168225246954e+00,-5.502578516696947197e+00,-5.359138981304744753e+00,-1.243734033643444903e+01,-1.403703462888111275e+01
1.599003037405690719e+00,-4.412018695203255625e+00,-4.484687037888422267e+00,-4.484225636136108584e+00,-1.339290952785045974e+01,-1.211343849000000006e+01
-6.422894409503925317e-01,-6.842505781986219837e+00,-6.970548310658222668e+00,-6.558637174898548139e+00,-1.575349871597901696e+01,-1.491031745049796342e+01
0.000000000000000000e+00,0.000000000000000000e+00,0.000000000000000000e+00,0.000000000000000000e+00,0.000000000000000000e+00,0.000000000000000000e+00
5.943229999994802171e+00,2.551586836975294759e-02,2.834672157642829760e+00,1.726021753237865219e+00,-7.906367558908408810e+00,-7.808347565903493326e+00
9.682435484444084750e+00,1.430000000000000071e+01,1.429962571987199738e+01,9.682549939708067654e+00,2.868107286077640872e+00,2.869986662165289637e+00
5.943229999895522475e+00,-5.359516326554444987e+00,2.082966056585896730e+00,4.800613517310958756e+00,-6.376563878301579003e+00,-1.288222356177899997e+01
1.186999999594469557e+01,7.592703741576266374e+00,6.482273637313435088e+00,-2.703986469000000170e+00,4.049766437154462828e-01,-2.108031970544999467e+00
0.000000000000000000e+00,0.000000000000000000e+00,0.000000000000000000e+00,0.000000000000000000e+00,0.000000000000000000e+00,0.000000000000000000e+00
-6.206384126375467325e+00,-6.211662693139412994e+00,-6.182898125705689196e+00,-5.941161691905113784e+00,-1.487942353549911978e+01,-1.473131716277233316e+01
-6.179843436982077165e+00,-6.379370930950583940e+00,-5.966026224284746604e+00,-5.886375300897499940e+00,-1.411597019590056412e+01,-1.467573907046036830e+01
-5.397229328849467933e+00,-5.484202911392967117e+00,-5.421064269451482787e+00,-4.712219673668681885e+00,-1.227232383399000071e+01,-1.434536332686050031e+01
-2.029586445161348784e+00,4.599039391930561660e-01,-5.414632023889126344e+00,-5.479681277569297571e+00,-1.447442481831619787e+01,-1.440697126455332366e+01
0.000000000000000000e+00,0.000000000000000000e+00,0.000000000000000000e+00,0.000000000000000000e+00,0.000000000000000000e+00,0.000000000000000000e+00
-6.325903803484608900e+00,3.924494293311753257e-01,-6.416200985485417618e+00,-6.454338781985160978e+00,-1.483943312406075066e+01,-1.504554743875896072e+01
8.056563419677820193e-01,4.327607362975966154e+00,-2.698825869000000210e+00,-6.233615077514178537e-01,-6.878702950241991410e+00,-1.169930251800000143e+01
-4.964051247819076806e+00,-4.995217339924571398e+00,-5.105364381577302879e+00,-3.917808882795107195e+00,-1.367437113635824808e+01,-1.368038619406981660e+01
-6.527504896455835315e+00,-6.190585718924627834e+00,-6.207942208564534603e+00,-6.273455692183246057e+00,-1.404904033526725016e+01,-1.300951995570286357e+01
0.000000000000000000e+00,0.000000000000000000e+00,0.000000000000000000e+00,0.000000000000000000e+00,0.000000000000000000e+00,0.000000000000000000e+00
-6.201466315185418132e+00,-5.928733291393545102e+00,-6.226976618554625809e+00,-6.254576924808083582e+00,-1.403788203503403764e+01,-1.475902787393604321e+01
-4.952882184120106501e+00,-5.525779942552840218e+00,-5.458167650096171997e+00,-5.499275686603424695e+00,-1.399241735884765703e+01,-1.436592101200551497e+01
-3.942118117351891549e+00,-5.023198127846439931e+00,-3.980760413472899550e+00,4.451557206798395505e-02,-1.168543548000000065e+01,-1.347595214781303241e+01
-6.867221902643141362e+00,-6.994598840357472369e+00,-6.962588950849664116e+00,-6.709514560432497277e+00,-1.530222662655432231e+01,-1.463893177182663941e+01
0.000000000000000000e+00,0.000000000000000000e+00,0.000000000000000000e+00,0.000000000000000000e+00,0.000000000000000000e+00,0.000000000000000000e+00
3.686005193062154461e+00,-1.024820186575269076e+00,2.148897788689088983e+00,4.345633660595369818e+00,-9.180392988272926047e+00,-1.351767166940899934e+01
1.153761983460000273e+01,1.699999999963939956e+01,1.429617495754800416e+01,1.186877191866365955e+01,5.296752843661083787e+00,5.299062701508002959e+00
-5.130650982250095637e+00,-3.777248227011957837e-01,2.019910425274465737e+00,4.348906985281863591e+00,-1.153864800000000024e+01,-6.168241832895793308e+00
9.682999999875637087e+00,1.867009233383343236e+00,6.759761708786308887e+00,9.554537878659019157e+00,-1.322418914184838812e+00,-2.311918971316076821e+00
0.000000000000000000e+00,0.000000000000000000e+00,0.000000000000000000e+00,0.000000000000000000e+00,0.000000000000000000e+00,0.000000000000000000e+00
-4.856191504202978848e+00,-2.840320495157923730e+00,-5.002318186111783582e+00,-4.976458482212462009e+00,-1.385914935261800096e+01,-1.394868487946643398e+01
-4.798561935382288368e+00,3.839605996980269165e+00,-4.533715941644569369e+00,-4.321307479590001499e+00,-1.355557757815322972e+01,-1.289466048806999865e+01
-4.796786434616233663e+00,-2.339358262367886354e+00,-3.852241892739000306e+00,-3.876579676980000055e+00,-1.219960493433899984e+01,-1.231190055333900091e+01
-6.307203128852466811e+00,-6.277106989109438651e+00,-6.151361452178163880e+00,-6.361430852415753456e+00,-1.531501761924178950e+01,-1.492601072951678276e+01
0.000000000000000000e+00,0.000000000000000000e+00,0.000000000000000000e+00,0.000000000000000000e+00,0.000000000000000000e+00,0.000000000000000000e+00
-7.037259611914699065e+00,-7.214607886034222872e+00,-7.163694741987779224e+00,-7.127095639247873926e+00,-1.581029857937915217e+01,-1.577367888362457649e+01
-4.342811572795500119e+00,-4.383880253760600532e+00,-4.518633796217110365e+00,-4.529973510863947617e+00,-1.353722681890777224e+01,-1.236843342000000057e+01
4.348906997990017231e+00,-3.889575348570000202e+00,-3.391141015800000158e+00,-3.290390156863800097e+00,-6.088961932699048063e+00,-7.982845251047215207e+00
-5.889433517208195745e-01,-5.529038312062249716e+00,-5.821833695885598736e+00,-5.049263858469329236e+00,-1.359614121277547127e+01,-1.354302919529175142e+01
0.000000000000000000e+00,0.000000000000000000e+00,0.000000000000000000e+00,0.000000000000000000e+00,0.000000000000000000e+00,0.000000000000000000e+00
4.603005293908337126e-01,-5.619409585825808406e+00,-5.031938986884135545e+00,-5.000602720936059065e+00,-1.390883304882851945e+01,-1.235071701494189966e+01
-6.479437242428839561e+00,-5.955467447768969969e+00,-4.329114674398313767e+00,-6.270899247347835548e+00,-1.242793336296123030e+01,-1.241937721666278094e+01
-5.742725739874918744e+00,-5.481225417626038876e+00,-6.300172618704117378e-01,-5.468842568035023000e+00,-1.340952055689646905e+01,-1.411459923752055978e+01
-7.245891184361994419e+00,-7.155114353319019571e+00,-7.306646522757867857e+00,-7.200985619038488217e+00,-1.533105971449738902e+01,-1.584299139058416728e+01
0.000000000000000000e+00,0.000000000000000000e+00,0.000000000000000000e+00,0.000000000000000000e+00,0.000000000000000000e+00,0.000000000000000000e+00
9.667473413325740950e+00,1.430000000000000071e+01,9.670094910185252246e+00,1.185603358920901229e+01,2.869841584932723233e+00,2.848581699351031116e+00
-2.481373800000000074e+00,2.849707748522848583e+00,5.943229999183683887e+00,-2.546281899000000237e+00,-1.152162900000000079e+01,-5.999361153702206906e+00
1.430000000000000071e+01,9.682849207386523105e+00,9.682472632367781884e+00,1.186978123462223778e+01,2.869999999979816696e+00,2.869978568015319809e+00
-3.149753409000000115e+00,3.187620033367067229e+00,7.714699999999989899e+00,4.969876956230331544e+00,-1.011479340197931620e+01,-3.066495173860147361e+00
0.000000000000000000e+00,0.000000000000000000e+00,0.000000000000000000e+00,0.000000000000000000e+00,0.000000000000000000e+00,0.000000000000000000e+00
-5.615533516762294397e+00,-1.527125596755709802e+00,-4.391652166825663173e+00,-5.041793889121972683e+00,-1.145443513236847011e+01,-1.320779230071389954e+01
-4.884673347397545662e+00,2.914016274970775200e+00,-4.917116248163171832e+00,-9.525762057398168281e-01,-1.326990427127696748e+01,-1.353357638218848535e+01
-4.314690111990779897e+00,-5.857079329561707404e-01,-4.459479233612949400e+00,-4.447398972535705042e+00,-1.336143448432710912e+01,-1.299041094209460034e+01
-6.467580767035856937e+00,-6.314183462391178558e+00,-6.341445851804014211e+00,-6.467444639328794764e+00,-1.418757965898571527e+01,-1.411839957564424708e+01
0.000000000000000000e+00,0.000000000000000000e+00,0.000000000000000000e+00,0.000000000000000000e+00,0.000000000000000000e+00,0.000000000000000000e+00
-6.979910967191324644e+00,-6.895705619177965318e+00,-7.077201619171596292e+00,-7.238797524881639411e+00,-1.605002369039609533e+01,-1.559327193378311449e+01
-4.451199044071050714e+00,-4.491308885841835519e+00,-7.749864458807528278e-01,-4.586808565134762539e+00,-1.297988385309549209e+01,-1.306282887008500637e+01
-4.595680578843663433e+00,-4.007107978092215639e+00,4.039452986898506848e-01,2.914016259374291540e+00,-9.233694545833094125e+00,-1.234752012296999979e+01
-6.269680270232293573e+00,-5.566762292769665166e+00,-6.147457194472201181e+00,-1.605905952536784476e+00,-1.377735298299431044e+01,-1.381257462332625252e+01
0.000000000000000000e+00,0.000000000000000000e+00,0.000000000000000000e+00,0.000000000000000000e+00,0.000000000000000000e+00,0.000000000000000000e+00
-5.561013446722589570e+00,-5.471717311106631954e+00,-5.560470651312853008e+00,-5.865857354839203452e-01,-1.058172989046773793e+01,-1.398780572992198401e+01
-5.946332934025582162e+00,-5.707272156820319076e+00,-1.828024426317942375e+00,-6.270392480146137260e+00,-1.314606595137335887e+01,-1.441912987326955431e+01
-4.915202038257976191e+00,-5.623493535730519355e+00,4.598433599109669201e-01,-5.130600651672700963e+00,-1.407674094172855384e+01,-1.327911749632464478e+01
-7.185974551774418018e+00,-7.308898700845578134e+00,-2.967569877531706979e+00,-7.164664252944448641e+00,-1.537834943261355214e+01,-1.588423739700365012e+01
0.000000000000000000e+00,0.000000000000000000e+00,0.000000000000000000e+00,0.000000000000000000e+00,0.000000000000000000e+00,0.000000000000000000e+00
6.975772320717010366e+00,1.187000000000000099e+01,7.714602256788241519e+00,1.186944846640701101e+01,6.433543969432675702e-01,-1.089097379999999937e+01
-9.999900000000000455e-01,1.285289760700805139e-01,7.714700000000002333e+00,3.748894527082088146e+00,-3.116552766899343130e+00,-3.056829432339244423e+00
7.714121916076150498e+00,5.586056379665084393e+00,-2.700847514699999952e+00,1.187000000000000099e+01,6.829998841781735885e-01,6.770526660986824208e-01
5.899878163144480325e+00,-1.897299000000000069e+00,9.683000000000001606e+00,5.802072794834505665e+00,-1.307402615733625373e+00,-1.381094999999998851e+00
0.000000000000000000e+00,0.000000000000000000e+00,0.000000000000000000e+00,0.000000000000000000e+00,0.000000000000000000e+00,0.000000000000000000e+00
-5.533029614625938564e+00,-5.562385559210208719e+00,-4.868182344566761799e+00,-2.418198880403323869e+00,-1.433100105716492756e+01,-1.408949230618522641e+01
-5.400445439483532617e+00,-4.011757307723156529e+00,-1.191028210566067003e+00,1.622559861450636243e+00,-1.403441126045160914e+01,-1.404008367985312944e+01
-5.036861792169640140e+00,-5.004658830025574545e+00,-4.983543682593354340e+00,-1.528044519033855408e+00,-1.347680151428203921e+01,-1.163610955608828945e+01
-5.998930900608764105e+00,-6.077913550980715840e+00,-5.955871607813011614e+00,-6.558897449694910620e+00,-1.509844278874088808e+01,-1.403765588988694546e+01
0.000000000000000000e+00,0.000000000000000000e+00,0.000000000000000000e+00,0.000000000000000000e+00,0.000000000000000000e+00,0.000000000000000000e+00
-7.116979425411137150e+00,-6.864646629874608053e+00,-6.867132494520093999e+00,-7.080466713688656100e+00,-1.598773463454605626e+01,-1.493903277499311066e+01
-3.833743954680000066e+00,4.339661832717557899e-01,-3.418220487117114903e+00,-4.461944761886607935e+00,-1.235054731967820096e+01,-1.290182750275302936e+01
-4.987842145014961481e+00,-4.947213479683254533e+00,-6.556983973574594948e-01,1.622613153417102883e+00,-1.159436169641367442e+01,-9.026257796202674655e+00
-6.204970103365367251e+00,-6.149279688633765950e+00,-6.231835956454233383e+00,-3.191582268631987684e+00,-1.229975867525302924e+01,-1.432827833710514653e+01
0.000000000000000000e+00,0.000000000000000000e+00,0.000000000000000000e+00,0.000000000000000000e+00,0.000000000000000000e+00,0.000000000000000000e+00
-5.580351968728822776e+00,-5.999384074911659148e+00,-5.458944118500863141e+00,-1.737005712578128636e+00,-1.439815720454579662e+01,-1.446286254899391110e+01
-6.252551141876024232e+00,-5.421961855492569704e+00,-6.137208047218007945e-01,-5.557146219156130051e+00,-1.233116383698000007e+01,-1.431204625026426314e+01
-1.458761917076634607e+00,-4.995909415188960701e+00,1.622558522764833144e+00,-4.586195485568101304e+00,-1.365287787800263963e+01,-9.796317685217683646e+00
-6.965309487281848178e+00,-6.878327867934670437e+00,-6.961915707419847887e-01,-7.280954195146035701e+00,-1.585945650381865768e+01,-1.557087584997100294e+01
0.000000000000000000e+00,0.000000000000000000e+00,0.000000000000000000e+00,0.000000000000000000e+00,0.000000000000000000e+00,0.000000000000000000e+00
2.337761294841383730e+00,4.504501375967580046e+00,-3.409823746170000280e+00,9.683000000000001606e+00,-1.336742624056031614e+00,-1.334182430370413730e+00
5.731944084808992201e+00,4.878722880000001538e+00,9.683000000000001606e+00,5.595805219730110025e+00,-1.362447000001345998e+00,-1.286074094371366661e+00
5.657249062949268215e+00,4.838925388184756038e+00,4.911214542936135352e+00,9.683000000000001606e+00,-1.295634627613036827e+01,-1.286450409968569852e+00
7.686369509414083367e+00,6.948663512410878873e+00,1.187000000000000099e+01,7.143205764549992232e+00,6.784766413897789228e-01,6.505112105287078617e-01
0.000000000000000000e+00,0.000000000000000000e+00,0.000000000000000000e+00,0.000000000000000000e+00,0.000000000000000000e+00,0.000000000000000000e+00
-6.189226623386644199e+00,-5.965611205889664426e+00,-6.229297275945404166e+00,-4.165118492853877363e+00,-1.402646265460045427e+01,-1.455925164901427848e+01
-5.734100123874767974e+00,-5.871733122053822918e+00,-5.582781287603809872e+00,4.507442043453042113e-01,-1.435715345631272299e+01,-1.443743468753254433e+01
-5.404348342013411077e+00,-5.536939557037954707e+00,-5.763104208062724609e+00,-2.642136995427165846e+00,-1.392054641426957318e+01,-1.223117289900000060e+01
-6.193931542597958639e+00,-5.611319162684521800e+00,-5.977643363367660001e+00,-5.989381788538593376e+00,-1.486858767328173947e+01,-1.487159265850235457e+01
0.000000000000000000e+00,0.000000000000000000e+00,0.000000000000000000e+00,0.000000000000000000e+00,0.000000000000000000e+00,0.000000000000000000e+00
-6.997387973898627322e+00,-6.638687160385996044e+00,-6.588693736993261219e+00,-7.041928479026327459e+00,-1.398950115956786355e+01,-1.549248033585511131e+01
-4.050357453074296288e+00,1.076964078402080194e+00,-2.206526690162728954e-01,-4.045611580414275821e+00,-1.220560339680000084e+01,-1.220536848780000128e+01
-4.549163226185920728e+00,-5.107108866353913257e+00,-5.144478351216571710e+00,4.602757242613807476e-01,-1.294277282252805250e+01,-1.346597549403958638e+01
-6.183925968484102142e+00,-6.324387284236900442e+00,-6.268091202335229539e+00,-6.283491972882679022e+00,-1.296783390393687441e+01,-1.451352038805766043e+01
0.000000000000000000e+00,0.000000000000000000e+00,0.000000000000000000e+00,0.000000000000000000e+00,0.000000000000000000e+00,0.000000000000000000e+00
-5.603653804881108869e+00,-6.196396056427937893e+00,-5.605490562555811351e+00,-3.164850805684122470e+00,-1.389749108257451304e+01,-1.307317955383656738e+01
4.599932514187192734e-01,-5.794577413286716272e+00,-4.978444127098426542e+00,-5.307115115841799735e+00,-1.361863178470229130e+01,-1.359350831950932381e+01
2.914015622434276143e+00,-3.806692877069999703e+00,-3.936985364312190594e+00,-4.592622424650318891e+00,-8.296826068496798712e+00,-7.628854734813776517e+00
4.603225568581393312e-01,-6.765670778565064936e+00,-2.546027210285529918e+00,-6.800458448437948888e+00,-9.780823132359849126e+00,-1.409611713999344218e+01
0.000000000000000000e+00,0.000000000000000000e+00,0.000000000000000000e+00,0.000000000000000000e+00,0.000000000000000000e+00,0.000000000000000000e+00
5.865536524299646004e-01,4.285864161655147164e+00,4.346711968578127028e+00,7.714700000000002333e+00,-3.086996244158775937e+00,-3.057129897585499467e+00
7.713739080765390277e+00,1.187000000000000099e+01,1.186835027794415964e+01,7.704721487670288305e+00,6.829931203177691534e-01,6.829992520147587509e-01
4.336789287523645342e+00,4.330981670732839461e+00,4.339278123568229617e+00,7.714700000000002333e+00,-3.056771071370171455e+00,-3.067834339356758644e+00
1.430000000000000071e+01,9.682989306607643343e+00,9.682194804545734002e+00,9.681641055623716241e+00,2.869999422604627259e+00,2.869999695273297569e+00
0.000000000000000000e+00,0.000000000000000000e+00,0.000000000000000000e+00,0.000000000000000000e+00,0.000000000000000000e+00,0.000000000000000000e+00
-5.960298826959636642e+00,-6.180266142786988048e+00,-6.089233033998978861e+00,-5.827953963189620445e+00,-1.511342165122730208e+01,-1.444557151605723178e+01
-6.104675431073403935e+00,-6.193165587964058361e+00,-5.822326027691409500e+00,-1.591858059569473127e+00,-1.394342174974140747e+01,-1.453693226000599381e+01
-5.522014885654067839e+00,-5.520259783585015789e+00,-5.389623422834356248e+00,-5.452136818854977030e+00,-1.402235946005247413e+01,-1.304979689727072056e+01
-6.256636866620828741e+00,-5.896314879233606199e-01,-5.829069405213602728e+00,-5.875102054626478498e+00,-1.469784388839223865e+01,-1.482909563471688230e+01
0.000000000000000000e+00,0.000000000000000000e+00,0.000000000000000000e+00,0.000000000000000000e+00,0.000000000000000000e+00,0.000000000000000000e+00
-6.516336786964350480e+00,-1.710105657557143388e+00,-6.694761340153695173e+00,-6.666360650857600767e+00,-1.351147902608268048e+01,-1.533606564336754019e+01
-3.349072388052899640e+00,2.707522703579898327e+00,-3.828246652503899838e+00,-3.416659212995999617e+00,-1.283569888099760981e+01,-1.243454996445050575e+01
-4.950896633819188430e+00,-5.105194433887876748e+00,-5.083011786170726687e+00,-4.644125118995755308e+00,-1.347771978768087742e+01,-1.359989786176230631e+01
-6.584366031990505519e+00,-6.204330860313001850e+00,-6.218719511827037749e+00,-6.202758612464459809e+00,-1.392913805450159437e+01,-1.293586872185439063e+01
0.000000000000000000e+00,0.000000000000000000e+00,0.000000000000000000e+00,0.000000000000000000e+00,0.000000000000000000e+00,0.000000000000000000e+00
-5.847534228617538687e+00,-6.091778243621659428e+00,-5.846005277236113074e+00,-5.925726268353345816e+00,-1.354269171700578944e+01,-1.349420123171477570e+01
-3.399393342125956341e+00,-5.004025423069207612e+00,-5.131619324850640318e+00,-5.308748217299301686e+00,-1.366675307142242524e+01,-1.300693091467302942e+01
-3.807368010324990504e+00,-2.703632378827235616e+00,-4.182336762660499474e+00,-3.899094306068070281e+00,-1.293791278053472382e+01,-1.158796800000000005e+01
-6.691276864926988921e+00,-6.904058720908857083e+00,-6.835544344687360052e+00,-6.463267014247022768e-01,-1.578931177846571998e+01,-1.583736281902945819e+01
0.000000000000000000e+00,0.000000000000000000e+00,0.000000000000000000e+00,0.000000000000000000e+00,0.000000000000000000e+00,0.000000000000000000e+00
3.086803730433862469e-02,-1.208229812662772851e+00,-3.877129627289999991e+00,5.943222724622208908e+00,-1.288358621658000125e+01,-1.215659069999999886e+01
-1.719000000000000083e+00,1.429999052718148711e+01,-9.899999999999999911e-01,4.878722880000001538e+00,2.640308745600000506e+00,2.825182375462277129e+00
1.893014848944012840e+00,-5.129569215606373689e+00,-5.069338469849955509e+00,5.943218325156575332e+00,-1.154765448000000028e+01,-1.404897393806314199e+01
1.183714742550920995e+01,7.457514429632345454e+00,8.399649546379505338e+00,1.186999999999976652e+01,6.756788740042576347e-01,6.402420952467982040e-01
0.000000000000000000e+00,0.000000000000000000e+00,0.000000000000000000e+00,0.000000000000000000e+00,0.000000000000000000e+00,0.000000000000000000e+00
-5.349085372131240135e+00,-5.076706043769091181e+00,-5.350612618719527092e+00,-5.362837292554093693e+00,-1.375628829605092918e+01,-1.440673123205772832e+01
-4.443066032130065679e+00,-4.604750523663488693e+00,-4.939161082421364313e+00,-4.843083891400288721e+00,-1.089802800000000005e+01,-1.340977796926839005e+01
-4.983057704898589790e+00,-4.429913961931347011e+00,-4.535758855120556099e+00,-4.485325228979212930e+00,-1.299991263921793738e+01,-1.234126118693277974e+01
-6.662745213908674913e+00,-6.396604497637811804e+00,-6.632732885371916076e+00,-6.646158171280835525e+00,-1.452253467384343111e+01,-1.564240706863559893e+01
0.000000000000000000e+00,0.000000000000000000e+00,0.000000000000000000e+00,0.000000000000000000e+00,0.000000000000000000e+00,0.000000000000000000e+00
-7.075439854250198835e+00,-6.926530926962911394e+00,-7.003189486004725239e+00,-7.109810296578036315e+00,-1.535910191587091234e+01,-1.500890486476323282e+01
-4.601503142988210726e+00,-4.469798888478117682e+00,-4.446580591214387645e+00,-4.505490422315434174e+00,-1.345552603376577494e+01,-1.284803698929570004e+01
5.943229999918107964e+00,2.290056821207638205e+00,-2.553471899999999906e+00,-2.546271899999999810e+00,-4.701160659768019556e+00,-5.086120269205635758e+00
4.602379149499006283e-01,-5.048291148819815000e+00,-4.999773989291038667e+00,-4.550523616376571212e+00,-1.236467473064433875e+01,-1.393016362836325506e+01
0.000000000000000000e+00,0.000000000000000000e+00,0.000000000000000000e+00,0.000000000000000000e+00,0.000000000000000000e+00,0.000000000000000000e+00
1.622612848409786146e+00,-4.595207754798551036e+00,-8.529627732416411590e-02,-4.993074513016598104e+00,-1.392774537121789180e+01,-1.294621332085799992e+01
-6.568292295125121250e+00,-6.308914368179891596e+00,-6.268364841047951330e+00,-6.231931585534036699e+00,-1.485043545697265799e+01,-1.288122043272276684e+01
-5.931560778400549516e+00,-5.589795797654750764e+00,-5.504489094627378343e+00,-5.777507554204314388e+00,-1.385175904500741417e+01,-1.435811423828566191e+01
-7.383389959560002325e+00,-7.412382930736957753e+00,-7.310736148461152162e+00,-7.400105513667471158e+00,-1.628115930194389449e+01,-1.620112154282941219e+01
0.000000000000000000e+00,0.000000000000000000e+00,0.000000000000000000e+00,0.000000000000000000e+00,0.000000000000000000e+00,0.000000000000000000e+00
7.711652468238618496e+00,1.187000000000000099e+01,9.658160625240194364e+00,9.682759898380567165e+00,4.435117588841759328e-01,6.698109675855176137e-01
-3.429875323781198748e+00,4.348906975427164312e+00,2.306807133618684613e+00,-3.142503900000000350e+00,-6.639295168226508892e+00,-1.088271899999999981e+01
1.700000000000000000e+01,1.171404083969100185e+01,1.429996751514785736e+01,1.429992469539899957e+01,5.133694500000000716e+00,5.283532350000000655e+00
-3.419701937136000236e+00,5.943229999983167922e+00,-3.385423073700000174e+00,-3.142503900000000350e+00,-1.079190000000000005e+01,-1.087868848882457051e+01
0.000000000000000000e+00,0.000000000000000000e+00,0.000000000000000000e+00,0.000000000000000000e+00,0.000000000000000000e+00,0.000000000000000000e+00
-5.381222447021695388e+00,-2.383824223700699019e+00,-5.583375234372614848e+00,-5.568893510426607740e+00,-1.396568435004447828e+01,-1.277166215717999975e+01
-4.901914097113029278e+00,1.555950516110718107e+00,-5.432342305917940095e+00,-4.979748894320737307e+00,-1.383983953763406483e+01,-1.411749469330099771e+01
-4.844937355836417936e+00,-1.554386510553471767e+00,-3.666031857092105994e+00,-2.801747374143634062e+00,-1.349907013834700287e+01,-1.331265783297338956e+01
-6.431123020741503105e+00,-6.354414637683009737e+00,-6.583950289703383696e+00,-6.517769086827435387e+00,-1.501131024300149797e+01,-1.561836340416018487e+01
0.000000000000000000e+00,0.000000000000000000e+00,0.000000000000000000e+00,0.000000000000000000e+00,0.000000000000000000e+00,0.000000000000000000e+00
-6.996511520468027712e+00,-7.179830573854966147e+00,-6.993121608063912475e+00,-7.173370047846898245e+00,-1.573251252801403766e+01,-1.501386474531420312e+01
-4.010095815295123600e+00,-4.063075177903606061e+00,-4.449839171293169748e+00,-4.501661761122246475e+00,-1.292605131843900068e+01,-1.350149311853463630e+01
-4.443873439430699790e+00,1.521491010206100114e+00,-4.498584522483366932e+00,-4.546850278457419847e+00,-1.294784417773449015e+01,-1.365682749530665419e+01
-5.980629000034396014e+00,-5.950653107026550259e+00,-6.193022381534023957e+00,-5.977371457588223969e+00,-1.396412172040231781e+01,-1.465980031458529531e+01
0.000000000000000000e+00,0.000000000000000000e+00,0.000000000000000000e+00,0.000000000000000000e+00,0.000000000000000000e+00,0.000000000000000000e+00
-5.372533646750853542e+00,-5.791097277429525292e+00,-5.560479424901655143e+00,-5.498934524084780229e+00,-1.215841495689000062e+01,-1.441959626450693399e+01
-6.466837779876247083e+00,-3.505332993990073920e+00,-6.199799781486357020e+00,-5.880469492734153647e+00,-1.293220947255569975e+01,-1.300370780485465438e+01
-5.304593050041291669e+00,-5.080782678757135962e+00,-5.175481211900747169e+00,-5.398300221881350502e+00,-1.282023777980880119e+01,-1.426195709159985725e+01
-6.962971271431229070e+00,-7.003482397429426243e+00,-7.135083610586592684e+00,-7.185108918568541725e+00,-1.574454480830159575e+01,-1.327218345995059146e+01
0.000000000000000000e+00,0.000000000000000000e+00,0.000000000000000000e+00,0.000000000000000000e+00,0.000000000000000000e+00,0.000000000000000000e+00
-3.339465127722900384e+00,9.621283298106604320e+00,-3.293890142224500384e+00,-2.707333839899999983e+00,-5.161680471025798411e+00,-5.161663452025798904e+00
-1.809089999999999865e+00,-1.800899999999999945e+00,4.452482981876922707e+00,-1.719000000000000083e+00,-9.999000000000000554e+00,-1.088199000000000005e+01
-3.357754574124600211e+00,9.682957826267607260e+00,-4.471902806769273653e+00,-3.383423676000000047e+00,-2.327640393829003784e+00,-1.638218258931330107e+00
-9.989999999999999991e-01,7.697877100068344802e+00,6.840781734405588566e+00,5.112741511468391842e+00,-4.567643905771750390e+00,-4.567643905771750390e+00
0.000000000000000000e+00,0.000000000000000000e+00,0.000000000000000000e+00,0.000000000000000000e+00,0.000000000000000000e+00,0.000000000000000000e+00
-5.425154125143802908e+00,-5.771648605494190676e+00,-5.605563568894462279e+00,-3.705951878163468827e+00,-1.351751058560519958e+01,-1.387296062882020742e+01
-5.298038568524578551e+00,-5.349206617121398111e+00,-5.452211696488465265e+00,-5.030344359639296492e+00,-1.241134027285915131e+01,-1.190343852900000066e+01
-5.412343470145826174e+00,-4.653861713750815809e+00,-4.905475161072103241e+00,-2.637503504259509413e+00,-1.239702695815500100e+01,-1.284026159241900089e+01
-6.478874288914845181e+00,-6.293989120564383200e+00,-6.510323730853587954e+00,-6.519825215148328468e+00,-1.432021399670664152e+01,-1.499878420931960399e+01
0.000000000000000000e+00,0.000000000000000000e+00,0.000000000000000000e+00,0.000000000000000000e+00,0.000000000000000000e+00,0.000000000000000000e+00
-6.927372150045835397e+00,-7.001192769934569071e+00,-6.989903373356397331e+00,-7.167870885751427501e+00,-1.573182978053303138e+01,-1.516417132308337656e+01
-4.379666329505159439e+00,-1.467173224839704027e+00,-4.450285220661269747e+00,-4.391024663577960396e+00,-1.290276877832280178e+01,-1.338948619611290702e+01
-4.950950529262838629e+00,-1.349041169544661578e+00,-4.993723664574405419e+00,-4.640290548435965334e+00,-1.295530597978106968e+01,-1.353174956089983816e+01
-6.217530577597940145e+00,-5.913182965097711907e+00,-6.216896825341691191e+00,-6.029127451217132005e+00,-1.402881571433885100e+01,-1.353794348065271080e+01
0.000000000000000000e+00,0.000000000000000000e+00,0.000000000000000000e+00,0.000000000000000000e+00,0.000000000000000000e+00,0.000000000000000000e+00
-5.439427846911890185e+00,-5.347266096997854490e+00,-5.620375530172418976e+00,-5.498355239986969956e+00,-1.342949626341892611e+01,-1.394396774753136725e+01
-6.007042972319985630e+00,-3.771954779611627728e+00,-5.995029631603545184e+00,-5.922250146657156655e+00,-1.398419476383966042e+01,-1.504021933771763564e+01
-5.437408264040051620e+00,3.782385904497542750e-01,-3.756335007170993556e+00,-4.869643459362284155e+00,-1.326717828900567042e+01,-1.290068972115749979e+01
-6.935489713449006999e+00,-6.908748278707837365e+00,-6.968295956377984268e+00,-6.850380396827218554e+00,-1.535561402395122954e+01,-1.504875007202592485e+01
0.000000000000000000e+00,0.000000000000000000e+00,0.000000000000000000e+00,0.000000000000000000e+00,0.000000000000000000e+00,0.000000000000000000e+00
-4.001970349375056024e+00,7.320225498194433023e+00,-3.294397978615800859e+00,-2.699483581800000032e+00,-1.234764429609420056e+01,-1.229380968484890069e+01
-1.882799918999999989e+00,7.705920703286582629e+00,4.453121981876921431e+00,-1.873800000000000132e+00,-1.062900000000000134e+01,-3.904366729935386360e+00
-4.014097796416880470e+00,7.703109717297947689e+00,-4.417174845298729835e+00,-3.877761044808000435e+00,-4.071493669220526357e+00,-1.341662456286343996e+01
-9.899999999999999911e-01,9.682846317708712292e+00,-1.800899999999999945e+00,-9.899999999999999911e-01,-1.080189900000000058e+01,-3.464491296505345375e+00
0.000000000000000000e+00,0.000000000000000000e+00,0.000000000000000000e+00,0.000000000000000000e+00,0.000000000000000000e+00,0.000000000000000000e+00
-5.862957230368939676e+00,-5.031740353792740983e+00,-6.144510118516725683e+00,-5.916226576587515495e+00,-1.451116246745596783e+01,-1.520608357470489125e+01
-6.125673215286312256e+00,-2.856884487268148920e+00,-6.079804075826495513e+00,-5.763954845475719679e+00,-1.388078312515388468e+01,-1.440460378426932309e+01
-5.149670815491213638e+00,-5.142299949698364792e+00,-5.392027415431942750e+00,-5.399233311070889663e+00,-1.292791185698921197e+01,-1.399356168677490508e+01
-6.527353383742183546e+00,-5.872010788678791116e+00,-5.927607506544176452e+00,-5.911646199286368919e+00,-1.394576678357647559e+01,-1.440069699698946692e+01
0.000000000000000000e+00,0.000000000000000000e+00,0.000000000000000000e+00,0.000000000000000000e+00,0.000000000000000000e+00,0.000000000000000000e+00
-6.960619827339843191e+00,-6.863024144095343893e+00,-6.889009815667096248e+00,-6.836542347355192284e+00,-1.521689384124717215e+01,-1.488184012408773960e+01
-3.944429824166738374e+00,-1.464189117869238999e+00,-4.394284328154607344e+00,-4.052177067519061815e+00,-1.276737485576789766e+01,-1.236514332376729008e+01
-4.531427519432658535e+00,-9.807431156761987623e-01,-4.954964154409578825e+00,-4.566044076883481573e+00,-1.348999510728381956e+01,-1.243659976965587965e+01
-6.280636783552058233e+00,-6.342184911979219741e+00,-6.250326595881517733e+00,-6.515360170766627768e+00,-1.475883730521847070e+01,-1.520799673392981788e+01
0.000000000000000000e+00,0.000000000000000000e+00,0.000000000000000000e+00,0.000000000000000000e+00,0.000000000000000000e+00,0.000000000000000000e+00
-6.144471671951784231e+00,-5.924882795402684366e+00,-5.999363083701635624e+00,-6.171403764900644795e+00,-1.492957281190365748e+01,-1.446035005930574080e+01
1.622611799268959043e+00,-1.004669136723589595e+00,-4.559165911554293515e+00,-4.143530111581927855e-02,-1.301860897736679590e+01,-1.300221596929272394e+01
4.348906980502672326e+00,-2.009491063900264329e+00,-1.314005359945835227e+00,3.906712049848961588e-01,-8.590657597499951947e+00,-6.156499683633013476e+00
1.622611677704382416e+00,-1.171206134463489867e+00,-6.684256859652667693e+00,-2.797811332375458981e+00,-1.456351724532013847e+01,-9.218795258587297425e+00
0.000000000000000000e+00,0.000000000000000000e+00,0.000000000000000000e+00,0.000000000000000000e+00,0.000000000000000000e+00,0.000000000000000000e+00
-4.078873994390606939e+00,5.943230000000002455e+00,-4.444798068720690054e+00,4.065890135703233987e+00,-1.235814983652241850e+01,-1.235814914420822674e+01
5.942166580052443692e+00,9.683000000000001606e+00,4.328716131665527378e+00,6.770260445266082172e+00,-1.329739503293258407e+00,-1.870064055868361663e+00
1.836014405757321555e+00,5.943229999998401070e+00,-4.912970571655534968e+00,-5.120950961525969625e+00,-5.415956046248022737e+00,-4.848094147466392556e+00
1.700000000000000000e+01,1.186999963814323777e+01,1.186999997077244728e+01,1.429998332640488279e+01,5.299998210417066424e+00,5.299809175613621193e+00
0.000000000000000000e+00,0.000000000000000000e+00,0.000000000000000000e+00,0.000000000000000000e+00,0.000000000000000000e+00,0.000000000000000000e+00
-6.193576394304587396e+00,-6.125343090265823243e+00,-6.217810116498090345e+00,-6.170754250469420832e+00,-1.507042978691816337e+01,-1.485558691334928838e+01
-6.224920665738933323e+00,-5.813804743044175716e+00,-5.810230015144151494e+00,-5.855885494848832806e+00,-1.409109568292863912e+01,-1.424045694847129440e+01
-5.574293905924680104e+00,-5.167477381536025760e+00,-5.389934627596542960e+00,-5.352780792767752871e+00,-1.450706071463568669e+01,-1.405807269715491614e+01
-6.438857542467427031e+00,-1.625479974366889957e+00,-5.899800209429212572e+00,-5.900894042016919805e+00,-1.498998355774534730e+01,-1.507396882647855563e+01
0.000000000000000000e+00,0.000000000000000000e+00,0.000000000000000000e+00,0.000000000000000000e+00,0.000000000000000000e+00,0.000000000000000000e+00
-6.989743503629800792e+00,-6.726815623360599794e+00,-6.822992021817600339e+00,-6.988957781342061359e+00,-1.393263400702018551e+01,-1.583289683909607248e+01
-4.651180346023203072e+00,-3.889039012348347590e+00,-4.435081887461670647e+00,-3.961634808306043531e+00,-1.338152475660027463e+01,-1.234915171183791927e+01
-4.875014061498609053e+00,-4.656729928839290267e+00,-5.004691968310089223e+00,-4.644334259284388366e+00,-1.308309158460580868e+01,-1.308756803919026979e+01
-6.305437658005144108e+00,-6.336886035594187838e+00,-6.589799728564634584e+00,-6.588502548024306904e+00,-1.468229992568705278e+01,-1.337794230725624800e+01
0.000000000000000000e+00,0.000000000000000000e+00,0.000000000000000000e+00,0.000000000000000000e+00,0.000000000000000000e+00,0.000000000000000000e+00
-6.164948360739864519e+00,-5.836437608766201990e+00,-5.896152141482001952e+00,-6.153509597977001810e+00,-1.288129762435590031e+01,-1.492885090627576261e+01
-4.561126404531908207e+00,-4.622157300158385773e+00,-4.559898014417990808e+00,1.594756171062066130e-01,-1.405044320681803249e+01,-1.293355064761209228e+01
2.597256759609806398e+00,-3.937946485719928003e+00,-3.338796095190000202e+00,-3.792442970709000605e+00,-1.167683328000000031e+01,-1.282998641687155761e+01
-6.373599911590458689e+00,-6.826539037161277079e+00,-6.629292927072709674e+00,-2.223935959487146619e-01,-1.507248895898023022e+01,-1.553187963937781113e+01
0.000000000000000000e+00,0.000000000000000000e+00,0.000000000000000000e+00,0.000000000000000000e+00,0.000000000000000000e+00,0.000000000000000000e+00
-1.405793871488531632e+00,5.916785332770162498e-01,2.845601424346813069e+00,4.348863741097157565e+00,-9.492081889218123791e+00,-1.229898508667189816e+01
-2.464362899999999801e+00,-1.728000000000000203e+00,-1.889280000000000070e+00,7.050666244856691023e+00,-6.766772135018399581e+00,-1.088208000000000020e+01
-5.012620907196161824e+00,4.226175256831274929e+00,-5.028330111981213157e+00,-5.031671892543745805e+00,-7.027331301519658346e+00,-1.148857298999999976e+01
-1.728000000000000203e+00,9.519826411997442506e+00,-1.809090000000000087e+00,1.429999999998349125e+01,1.503809866272513673e+00,1.583986759412919554e+00
0.000000000000000000e+00,0.000000000000000000e+00,0.000000000000000000e+00,0.000000000000000000e+00,0.000000000000000000e+00,0.000000000000000000e+00
-5.409267322650656240e+00,-5.367588081590585425e+00,-5.412914411115766988e+00,-5.349498411689030952e+00,-1.152931680000000014e+01,-1.072799999999999976e+01
-3.942402434179289816e+00,-4.878680165310529837e+00,-4.449420199364474193e+00,-4.318108553304900177e+00,-1.344039289856627306e+01,-1.294650897703650827e+01
-5.085685559289020219e+00,-4.880433176041641730e+00,-5.012089351333335330e+00,-5.043450381280054629e+00,-1.342838068152668285e+01,-1.341849241157768269e+01
-6.729278509496729122e+00,-6.709271848429049001e+00,-6.697702649479634118e+00,-6.662748355108067067e+00,-1.496540075168581474e+01,-1.501254064681471334e+01
0.000000000000000000e+00,0.000000000000000000e+00,0.000000000000000000e+00,0.000000000000000000e+00,0.000000000000000000e+00,0.000000000000000000e+00
-6.960154965621181411e+00,-7.162920942099801458e+00,-6.753967980839346907e+00,-6.992914771906089122e+00,-1.600650441842891425e+01,-1.556021868151634280e+01
-4.651456152669362965e+00,-4.472756635817674464e+00,-4.648117191884405308e+00,-4.328157514508999881e+00,-1.365056315176471102e+01,-1.362905284172779297e+01
5.736427238336464285e+00,-2.611135799999999563e+00,5.941856822098987578e+00,5.069602371860005618e+00,7.714699999998222424e+00,-1.154684529000000026e+01
-4.487756905212481939e+00,-2.675676520115462420e+00,-4.544573980444160277e+00,4.105801788206184799e-01,1.622608040566044352e+00,-1.168706610899999987e+01
0.000000000000000000e+00,0.000000000000000000e+00,0.000000000000000000e+00,0.000000000000000000e+00,0.000000000000000000e+00,0.000000000000000000e+00
1.019881016140959495e+00,-4.426568773480980212e+00,1.349542810527992187e-01,1.557848521644848550e+00,2.914016255438572234e+00,-1.333134719906783694e+01
-6.537359301443035342e+00,-6.305228305793561638e+00,-6.532940447326067712e+00,-6.297968579809399614e+00,-1.472168923031114751e+01,-1.504740819510040417e+01
-5.836490911435311624e+00,-5.880545671021153886e+00,-5.874653979031076112e+00,-5.877302730879669923e+00,-1.483551571411275560e+01,-1.479070649448161490e+01
-7.492761703717785160e+00,-7.436566151219537346e+00,-7.382149600063615758e+00,-7.382117706883541075e+00,-1.552645856666994639e+01,-1.625364948448624602e+01
0.000000000000000000e+00,0.000000000000000000e+00,0.000000000000000000e+00,0.000000000000000000e+00,0.000000000000000000e+00,0.000000000000000000e+00
-1.890081899999999981e+00,9.682999999999992724e+00,7.618725060002851102e+00,7.692234270196252943e+00,-1.313901835651148042e+00,-2.546845289999999817e+00
-3.800285614300843218e+00,2.914015895383203603e+00,-3.462898800038134439e-01,1.051046691442907743e+00,-1.243027515972340069e+01,-4.525539515127796619e+00
1.699998299998379991e+01,1.428569906769000042e+01,1.699820098380000033e+01,1.699981363799999912e+01,7.997416380000000657e+00,2.000000000000000000e+01
2.753352119974849188e+00,4.348906998810077695e+00,-3.435343538751360004e+00,2.748415533550884859e+00,-1.241589829098959896e+01,-4.316866282443837299e+00
0.000000000000000000e+00,0.000000000000000000e+00,0.000000000000000000e+00,0.000000000000000000e+00,0.000000000000000000e+00,0.000000000000000000e+00
-5.429343406847717546e+00,-3.408550526643097101e+00,-5.503200737648975327e+00,-5.596784209058099258e+00,-1.062900000000000134e+01,-1.268980516979999962e+01
-5.385728068836051818e+00,-5.170763317273726400e+00,-5.305142325519061508e+00,-5.508432737304961080e+00,-1.342041290684413291e+01,-1.458494174588265935e+01
-4.847076957204190961e+00,-4.566963743380613394e+00,-5.294246138863354822e+00,-4.896615083271330882e+00,-1.403314797608794429e+01,-1.382644828682101945e+01
-6.285485203053060133e+00,-6.175274173485461482e+00,-6.196039849735464067e+00,-6.465293268826852291e+00,-1.502915138958412022e+01,-1.473632185219522484e+01
0.000000000000000000e+00,0.000000000000000000e+00,0.000000000000000000e+00,0.000000000000000000e+00,0.000000000000000000e+00,0.000000000000000000e+00
-7.145814132596655988e+00,-7.256146531515267561e+00,-7.065664033488499030e+00,-7.243303432253638263e+00,-1.479215345245547475e+01,-1.565034485014556509e+01
-4.910664555684829402e+00,-4.505734816030652290e+00,-4.546809972668052424e+00,-4.944620115626699786e+00,-1.282749299156699863e+01,-1.346386229020287217e+01
-4.548272786419674141e+00,-4.658713002776356582e+00,-4.591170375678631288e+00,-4.939241462766837287e+00,-1.382293864596746680e+01,-1.344960780640389864e+01
-5.978251309883582998e+00,-6.279817363670024299e+00,-6.141722680315129246e+00,-6.221833111383640258e+00,-1.479212626699274225e+01,-1.403709853774964067e+01
0.000000000000000000e+00,0.000000000000000000e+00,0.000000000000000000e+00,0.000000000000000000e+00,0.000000000000000000e+00,0.000000000000000000e+00
-5.035237890086431634e+00,-5.469734137449722589e+00,-5.259214330180577157e+00,-4.950130178362176281e+00,-1.295633223121859601e+01,-1.241104333157090345e+01
-6.223128663085121026e+00,-6.220722439396075387e+00,-6.527355893718541857e+00,-6.285097808435141431e+00,-1.339203271727086353e+01,-1.445452266396875274e+01
-5.347735055587861552e+00,-5.362547888168357701e+00,-5.439185324193600124e+00,-5.349586918905923305e+00,-1.394797463377556213e+01,-1.429705502561666286e+01
-7.010018140110222618e+00,-7.232379200486779958e+00,-6.927437408034305300e+00,-6.932970251135850859e+00,-1.588108605762064940e+01,-1.461112071266485657e+01
0.000000000000000000e+00,0.000000000000000000e+00,0.000000000000000000e+00,0.000000000000000000e+00,0.000000000000000000e+00,0.000000000000000000e+00
-3.345281116362900153e+00,4.476209790043620629e+00,-3.768546717716490413e+00,-3.277990486800000269e+00,-1.228423290796800060e+01,-1.166980968000000018e+01
-2.489418899999999990e+00,-2.538720900000000391e+00,-1.728900000000000103e+00,-1.809908999999999990e+00,-1.080990900000000110e+01,-9.000000000000000000e+00
-3.902422389625386234e+00,7.418274114533616626e+00,-3.895223935525200964e+00,-3.935673565470000135e+00,-1.160957970000000117e+01,-1.224840314699999944e+01
-1.719000000000000083e+00,5.245280451055359450e+00,-9.000000000000000222e-01,-9.000000000000000222e-01,-9.900000000000000355e+00,-9.000000000000000000e+00
0.000000000000000000e+00,0.000000000000000000e+00,0.000000000000000000e+00,0.000000000000000000e+00,0.000000000000000000e+00,0.000000000000000000e+00
-5.344550516973424870e+00,-5.613250353181166830e+00,-5.387212277069763466e+00,-5.560514197608972253e+00,-1.429965173298837300e+01,-1.384589995891025360e+01
-4.889638534994658947e+00,-5.139580346515498555e+00,-4.934156968649808128e+00,-5.026220208177649695e+00,-1.425720579472367433e+01,-1.089955890000000061e+01
-5.106519676456839463e+00,-5.027848323579403811e+00,-5.111624272432999661e+00,-5.034374975619348547e+00,-1.318723336145410130e+01,-1.351910640244802586e+01
-6.516627794062926249e+00,-6.514158558706318658e+00,-6.505167935267010648e+00,-6.321090392630352994e+00,-1.425394291997669072e+01,-1.517115257210092949e+01
0.000000000000000000e+00,0.000000000000000000e+00,0.000000000000000000e+00,0.000000000000000000e+00,0.000000000000000000e+00,0.000000000000000000e+00
-7.065827775547524503e+00,-6.943397604396989387e+00,-6.957596865514193318e+00,-7.145907103683452277e+00,-1.261436500800000005e+01,-1.506857875385381362e+01
-4.262099202067589410e+00,-4.064601572731935342e+00,-4.402306679613309015e+00,-4.896099892177751656e+00,-1.334538982609469926e+01,-1.206995049000000009e+01
-4.619597863108261926e+00,-4.491708573687175132e+00,-4.548035758388211391e+00,-4.939535630270773581e+00,-1.307076575856125800e+01,-1.394616959333928996e+01
-6.217859773501318799e+00,-5.880845229122424023e+00,-6.178633910093751958e+00,-5.889223792832988913e+00,-1.393500925184319961e+01,-1.342758308509800003e+01
0.000000000000000000e+00,0.000000000000000000e+00,0.000000000000000000e+00,0.000000000000000000e+00,0.000000000000000000e+00,0.000000000000000000e+00
-5.308702303962796520e+00,-5.436014123735446901e+00,-5.399657480880260430e+00,-5.408742145604380269e+00,-1.269176634899999989e+01,-1.388137873314417803e+01
-6.190364944120337221e+00,-5.478959917538638535e+00,-6.224308106766946125e+00,-6.232304614671696719e+00,-1.463764679608036445e+01,-1.294405576782840050e+01
-5.438446276308040339e+00,-5.204898134486248829e+00,-5.349786618543478589e+00,-5.444798223959125494e+00,-1.235891232663309047e+01,-1.390980189547325807e+01
-7.190323155020852397e+00,-7.024208805122283295e+00,-7.175311817697189731e+00,-7.199338071140311435e+00,-1.447334405482640918e+01,-1.539036429192307764e+01
0.000000000000000000e+00,0.000000000000000000e+00,0.000000000000000000e+00,0.000000000000000000e+00,0.000000000000000000e+00,0.000000000000000000e+00
-3.997086781841198810e+00,-3.416699699415036484e+00,-3.882434654507490368e+00,-3.422207757560399966e+00,-1.276929362769948106e+01,-1.276843961852649123e+01
-9.999998999999999416e-01,-1.874789999999999957e+00,-9.999998999999999416e-01,-2.480400900000000242e+00,-9.900000000000000355e+00,-9.000000000000000000e+00
-4.057974849672962847e+00,-3.410391467371499896e+00,-3.895872500766600854e+00,2.583015468895508260e+00,-1.162743577380000026e+01,-1.162736272799999959e+01
-9.899999999999999911e-01,-1.728000000000000203e+00,-9.899999999999999911e-01,0.000000000000000000e+00,-9.990000000000000213e+00,-9.999000000000000554e+00
0.000000000000000000e+00,0.000000000000000000e+00,0.000000000000000000e+00,0.000000000000000000e+00,0.000000000000000000e+00,0.000000000000000000e+00
-6.181417721018246603e+00,-5.950438291341287211e+00,-6.156958832418235161e+00,-6.197134246465437535e+00,-1.341806600568915897e+01,-1.407647234442576512e+01
-6.163389036786574238e+00,-6.004488037850310711e+00,-5.935206969619785333e+00,-5.806053038708193448e+00,-1.486336866179179594e+01,-1.465871636860403271e+01
-5.485198061019190163e+00,-5.554554773582101923e+00,-5.779388096017520127e+00,-5.444090264473904206e+00,-1.301936280040440863e+01,-1.283906492835562041e+01
-6.254049630398725412e+00,-6.224551283081213526e+00,-4.816552634231010543e+00,-6.227267194070286394e+00,-1.445088651930472423e+01,-1.445013855910340794e+01
0.000000000000000000e+00,0.000000000000000000e+00,0.000000000000000000e+00,0.000000000000000000e+00,0.000000000000000000e+00,0.000000000000000000e+00
-7.222947770039824356e+00,-7.110564537176276900e+00,-7.187249065400449055e+00,-7.228268883214099105e+00,-1.607364679282111553e+01,-1.487650883501314603e+01
-4.085804683638821544e+00,-4.365242237443654361e+00,-4.538540833956307807e+00,-4.078795281655348326e+00,-1.308407908775701500e+01,-1.301965615107093477e+01
-4.495887505295314668e+00,-4.506726408492960800e+00,-4.639507529436753153e+00,-4.064110127823314045e+00,-1.308106315359876426e+01,-1.294582467079536414e+01
-6.336952647535467165e+00,-6.479118172622619021e+00,-6.319827583109077551e+00,-6.586523407830822130e+00,-1.542200983392566371e+01,-1.345567432358793880e+01
0.000000000000000000e+00,0.000000000000000000e+00,0.000000000000000000e+00,0.000000000000000000e+00,0.000000000000000000e+00,0.000000000000000000e+00
-6.184947759536954415e+00,-5.964622523955970479e+00,-6.140197854544106271e+00,-6.262591780615805348e+00,-1.447951584750278897e+01,-1.350092857151470938e+01
-4.596604018537290948e+00,-4.526989682901397138e+00,-4.436982101711262949e+00,-4.603092897115417692e+00,2.914016287056507615e+00,-8.621925568713741939e+00
3.639070255198006532e+00,2.662505547045211252e+00,3.981029694088942250e-01,1.694821764781031526e+00,5.943229999999879887e+00,-1.161423278190000019e+01
-5.956776334589499733e+00,-6.225175393130267132e+00,-6.239063767770292479e+00,8.668115871052100019e-01,2.914016275521691846e+00,-8.129876500066721690e+00
0.000000000000000000e+00,0.000000000000000000e+00,0.000000000000000000e+00,0.000000000000000000e+00,0.000000000000000000e+00,0.000000000000000000e+00
-1.437921623810196614e-01,4.348906999175017773e+00,1.611906623573745367e+00,-3.896000967902006895e+00,-6.753053246003205778e+00,1.117361411387895576e+00
5.913878312384539981e+00,7.714700000000002333e+00,3.646906697634995087e-01,5.909285874468996447e+00,-3.395499759408643126e+00,4.055242706998852142e+00
-5.357799719966079621e+00,4.348906999568482590e+00,-5.837551831527029833e+00,2.800904399813436640e+00,-6.123985993097439184e+00,1.498052601820371477e+00
1.699997860798379890e+01,1.429999990755128891e+01,1.398004542487799817e+01,1.699965179982164187e+01,7.997714099999839732e+00,2.000000000000000000e+01
0.000000000000000000e+00,0.000000000000000000e+00,0.000000000000000000e+00,0.000000000000000000e+00,0.000000000000000000e+00,0.000000000000000000e+00
-5.848987059165701829e+00,-6.163537344487796332e+00,-5.815574659612727793e+00,-5.975704759707468838e+00,-1.079190000000000005e+01,-1.514794069710511515e+01
-6.269497317951037374e+00,-6.103720809702582351e+00,-5.934513963984739071e+00,-6.099757907283547276e+00,-1.347767976330063888e+01,-1.467911993432270101e+01
-5.423947614820041174e+00,-5.578827812527001662e+00,-5.446544650611890859e+00,-5.428994402486527093e+00,-1.348315022340357494e+01,-1.169363611548000037e+01
-6.611502886188134198e+00,-2.909257751964840821e+00,-6.502342161951479405e+00,-6.344797906484811456e+00,-1.437515090451969257e+01,-1.543961045173709401e+01
0.000000000000000000e+00,0.000000000000000000e+00,0.000000000000000000e+00,0.000000000000000000e+00,0.000000000000000000e+00,0.000000000000000000e+00
-6.995151669395984761e+00,-7.007179302772255980e+00,-7.005213494737253299e+00,-7.227310796991080366e+00,-1.584004173334731824e+01,-1.570457447529420669e+01
-4.524564726881387777e+00,-4.442628969077174084e+00,-4.530051604776978103e+00,-4.087024250332550679e+00,-1.325699085971718105e+01,-1.351749714752091691e+01
-4.475409407118548621e+00,-4.585808038819497945e+00,-4.929539885100639118e+00,-4.585850481196369621e+00,-1.394883985981004670e+01,-1.343415729758588917e+01
-6.125956653937674190e+00,-6.511970726483625960e+00,-6.304069777805219488e+00,-5.977737475917190402e+00,-1.448032760429696886e+01,-1.426884819037588592e+01
0.000000000000000000e+00,0.000000000000000000e+00,0.000000000000000000e+00,0.000000000000000000e+00,0.000000000000000000e+00,0.000000000000000000e+00
-6.193234663598606637e+00,-6.035683566791422372e+00,-6.268265492522909987e+00,-6.265933711076979939e+00,-1.472075214633369100e+01,-1.448802104444442129e+01
-5.083559513908498140e+00,-5.005747342058551652e+00,-5.000217105047003230e+00,1.240700451649313862e+00,-1.343100779976077952e+01,-1.301086011992705238e+01
-3.287616879387600388e+00,-3.343879685197800544e+00,-1.190286397962306175e+00,4.346196653227319295e+00,-1.221188886998189993e+01,-9.989026559043873377e+00
-6.298157721620313509e+00,-6.483807349131926578e+00,-6.235605441207324517e+00,8.148609893010450023e-01,-1.470942756270265050e+01,-1.389864677233613399e+01
0.000000000000000000e+00,0.000000000000000000e+00,0.000000000000000000e+00,0.000000000000000000e+00,0.000000000000000000e+00,0.000000000000000000e+00
-6.758982161788820164e-01,2.913110605253714347e+00,-6.763990052960447974e-01,-3.963885692601319732e+00,-1.302654449605131681e+01,-1.001568604265591489e+01
-1.781094444199191607e-01,2.045028864981600858e+00,3.654285077634994994e-01,1.526491231350481259e+00,-8.662533147048101512e+00,-9.000000000000000000e+00
-5.550294228048032075e+00,5.665148653018103886e-01,-5.571035233196258041e+00,-5.604071735677475630e+00,-1.458225946095108938e+01,-1.474839979565862080e+01
-9.989999999999999991e-01,1.050977625275298344e+01,-9.000000000000000222e-01,1.698208379837999971e+01,3.625878766877997705e+00,-9.000000000000000000e+00
